,attempted_passes,boxscore_index,completed_passes,completion_percentage,fumbles,fumbles_lost,fumbles_lost_per_attempt,fumbles_per_attempt,interceptions_per_attempt,interceptions_per_completion,interceptions_thrown,longest_pass,longest_rush,passing_TDs_per_attempt,passing_TDs_per_completion,passing_touchdowns,passing_yards,passing_yards_per_attempt,passing_yards_per_completion,quarterback_rating,rush_attempts,rush_touchdowns,rush_yards,times_sacked,times_sacked_per_attempt,yards_lost_from_sacks
BradTo00,23,200109300nwe,13,56.52173913043478,0,0,0.0,0.0,0.0,0.0,0,38,2,0.0,0.0,0,168,7.304347826086956,12.923076923076923,79.6,1,0,2,1,0.043478260869565216,9
BradTo00,24,200110070mia,12,50.0,0,0,0.0,0.0,0.0,0.0,0,15,9,0.0,0.0,0,86,3.5833333333333335,7.166666666666667,58.7,2,0,9,4,0.16666666666666666,17
BradTo00,54,200110140nwe,33,61.111111111111114,0,0,0.0,0.0,0.0,0.0,0,26,0,0.037037037037037035,0.06060606060606061,2,364,6.7407407407407405,11.030303030303031,93.4,1,0,0,3,0.05555555555555555,19
BradTo00,20,200110210clt,16,80.0,0,0,0.0,0.0,0.0,0.0,0,91,-1,0.15,0.1875,3,202,10.1,12.625,148.3,2,0,-2,0,0.0,0
BradTo00,38,200110280den,25,65.78947368421053,0,0,0.0,0.0,0.10526315789473684,0.16,4,30,0,0.05263157894736842,0.08,2,203,5.342105263157895,8.12,57.1,2,0,-1,2,0.05263157894736842,20
BradTo00,31,200111040atl,21,67.74193548387096,0,0,0.0,0.0,0.0,0.0,0,44,1,0.0967741935483871,0.14285714285714285,3,250,8.064516129032258,11.904761904761905,124.4,3,0,0,3,0.0967741935483871,14
BradTo00,21,200111110nwe,15,71.42857142857143,0,0,0.0,0.0,0.047619047619047616,0.06666666666666667,1,26,2,0.047619047619047616,0.06666666666666667,1,107,5.095238095238095,7.133333333333334,78.9,4,0,-1,7,0.3333333333333333,36
BradTo00,27,200111180nwe,19,70.37037037037037,0,0,0.0,0.0,0.07407407407407407,0.10526315789473684,2,27,7,0.037037037037037035,0.05263157894736842,1,185,6.851851851851852,9.736842105263158,70.8,2,0,6,2,0.07407407407407407,6
BradTo00,26,200111250nwe,19,73.07692307692307,0,0,0.0,0.0,0.0,0.0,0,41,11,0.15384615384615385,0.21052631578947367,4,258,9.923076923076923,13.578947368421053,143.9,4,0,14,4,0.15384615384615385,17
BradTo00,28,200112020nyj,20,71.42857142857143,0,0,0.0,0.0,0.0,0.0,0,46,2,0.0,0.0,0,213,7.607142857142857,10.65,93.3,3,0,0,3,0.10714285714285714,22
BradTo00,28,200112090nwe,19,67.85714285714286,0,0,0.0,0.0,0.07142857142857142,0.10526315789473684,2,23,0,0.0,0.0,0,218,7.785714285714286,11.473684210526315,61.3,4,0,-3,3,0.10714285714285714,9
BradTo00,35,200112160buf,19,54.285714285714285,0,0,0.0,0.0,0.02857142857142857,0.05263157894736842,1,40,12,0.0,0.0,0,237,6.771428571428571,12.473684210526315,63.6,3,0,13,5,0.14285714285714285,31
BradTo00,19,200112220nwe,11,57.89473684210527,0,0,0.0,0.0,0.0,0.0,0,23,-1,0.05263157894736842,0.09090909090909091,1,108,5.684210526315789,9.818181818181818,91.6,3,0,-5,3,0.15789473684210525,14
BradTo00,29,200201060car,17,58.620689655172406,0,0,0.0,0.0,0.06896551724137931,0.11764705882352941,2,31,2,0.034482758620689655,0.058823529411764705,1,198,6.827586206896552,11.647058823529411,62.1,1,0,2,1,0.034482758620689655,2
BradTo00,52,200201190nwe,32,61.53846153846154,1,0,0.0,0.019230769230769232,0.019230769230769232,0.03125,1,29,6,0.0,0.0,0,312,6.0,9.75,70.4,5,1,16,2,0.038461538461538464,15
BradTo00,27,200202030nwe,16,59.25925925925925,0,0,0.0,0.0,0.0,0.0,0,23,3,0.037037037037037035,0.0625,1,145,5.37037037037037,9.0625,86.2,1,0,3,1,0.037037037037037035,7
BradTo00,43,200209090nwe,29,67.44186046511628,0,0,0.0,0.0,0.0,0.0,0,40,0,0.06976744186046512,0.10344827586206896,3,294,6.837209302325581,10.137931034482758,110.0,0,0,0,2,0.046511627906976744,14
BradTo00,35,200209150nyj,25,71.42857142857143,0,0,0.0,0.0,0.02857142857142857,0.04,1,49,4,0.05714285714285714,0.08,2,269,7.685714285714286,10.76,100.8,2,0,5,0,0.0,0
BradTo00,54,200209220nwe,39,72.22222222222221,0,0,0.0,0.0,0.018518518518518517,0.02564102564102564,1,38,2,0.07407407407407407,0.10256410256410256,4,410,7.592592592592593,10.512820512820513,110.9,1,0,2,4,0.07407407407407407,11
BradTo00,53,200209290sdg,36,67.9245283018868,0,0,0.0,0.0,0.03773584905660377,0.05555555555555555,2,26,3,0.03773584905660377,0.05555555555555555,2,353,6.660377358490566,9.805555555555555,83.3,1,0,3,0,0.0,0
BradTo00,31,200210060mia,17,54.83870967741935,0,0,0.0,0.0,0.06451612903225806,0.11764705882352941,2,34,0,0.06451612903225806,0.11764705882352941,2,240,7.741935483870968,14.117647058823529,74.7,1,0,0,3,0.0967741935483871,32
BradTo00,44,200210130nwe,24,54.54545454545454,0,0,0.0,0.0,0.06818181818181818,0.125,3,18,12,0.022727272727272728,0.041666666666666664,1,183,4.159090909090909,7.625,44.0,5,0,26,2,0.045454545454545456,17
BradTo00,29,200210270nwe,15,51.724137931034484,0,0,0.0,0.0,0.0,0.0,0,17,4,0.034482758620689655,0.06666666666666667,1,130,4.482758620689655,8.666666666666666,75.4,2,0,5,5,0.1724137931034483,20
BradTo00,26,200211030buf,22,84.61538461538461,0,0,0.0,0.0,0.0,0.0,0,31,-1,0.11538461538461539,0.13636363636363635,3,265,10.192307692307692,12.045454545454545,147.6,1,0,-1,1,0.038461538461538464,2
BradTo00,55,200211100chi,36,65.45454545454545,0,0,0.0,0.0,0.01818181818181818,0.027777777777777776,1,36,13,0.05454545454545454,0.08333333333333333,3,328,5.963636363636364,9.11111111111111,92.1,3,0,16,2,0.03636363636363636,13
BradTo00,30,200211170rai,18,60.0,0,0,0.0,0.0,0.0,0.0,0,33,1,0.0,0.0,0,172,5.733333333333333,9.555555555555555,76.0,1,0,1,4,0.13333333333333333,25
BradTo00,34,200211240nwe,21,61.76470588235294,0,0,0.0,0.0,0.0,0.0,0,27,5,0.08823529411764706,0.14285714285714285,3,239,7.029411764705882,11.380952380952381,112.3,6,0,4,2,0.058823529411764705,20
BradTo00,30,200211280det,18,60.0,0,0,0.0,0.0,0.03333333333333333,0.05555555555555555,1,28,8,0.0,0.0,0,210,7.0,11.666666666666666,67.4,4,0,12,0,0.0,0
BradTo00,27,200212080nwe,15,55.55555555555556,0,0,0.0,0.0,0.0,0.0,0,41,0,0.07407407407407407,0.13333333333333333,2,183,6.777777777777778,12.2,101.3,5,0,-5,0,0.0,0
BradTo00,29,200212160oti,14,48.275862068965516,0,0,0.0,0.0,0.034482758620689655,0.07142857142857142,1,35,10,0.0,0.0,0,134,4.620689655172414,9.571428571428571,47.2,2,1,10,3,0.10344827586206896,17
BradTo00,37,200212220nwe,19,51.35135135135135,0,0,0.0,0.0,0.02702702702702703,0.05263157894736842,1,15,15,0.02702702702702703,0.05263157894736842,1,133,3.5945945945945947,7.0,57.6,4,0,24,2,0.05405405405405406,14
BradTo00,44,200212290nwe,25,56.81818181818182,0,0,0.0,0.0,0.022727272727272728,0.04,1,23,4,0.022727272727272728,0.04,1,221,5.0227272727272725,8.84,68.5,4,0,8,1,0.022727272727272728,5
BradTo00,28,200309070buf,14,50.0,0,0,0.0,0.0,0.14285714285714285,0.2857142857142857,4,42,0,0.0,0.0,0,123,4.392857142857143,8.785714285714286,22.5,0,0,0,2,0.07142857142857142,20
BradTo00,44,200309140phi,30,68.18181818181817,0,0,0.0,0.0,0.0,0.0,0,27,4,0.06818181818181818,0.1,3,255,5.795454545454546,8.5,105.8,6,0,7,2,0.045454545454545456,8
BradTo00,25,200309210nwe,15,60.0,0,0,0.0,0.0,0.0,0.0,0,31,1,0.0,0.0,0,181,7.24,12.066666666666666,82.2,3,1,-1,5,0.2,34
BradTo00,38,200309280was,25,65.78947368421053,0,0,0.0,0.0,0.07894736842105263,0.12,3,29,2,0.05263157894736842,0.08,2,289,7.605263157894737,11.56,73.2,1,0,2,1,0.02631578947368421,8
BradTo00,31,200310050nwe,17,54.83870967741935,0,0,0.0,0.0,0.0,0.0,0,58,4,0.03225806451612903,0.058823529411764705,1,219,7.064516129032258,12.882352941176471,88.0,3,0,2,3,0.0967741935483871,26
BradTo00,21,200310120nwe,8,38.095238095238095,0,0,0.0,0.0,0.0,0.0,0,39,2,0.0,0.0,0,112,5.333333333333333,14.0,56.1,3,0,0,2,0.09523809523809523,21
BradTo00,34,200310190mia,24,70.58823529411765,0,0,0.0,0.0,0.0,0.0,0,82,5,0.058823529411764705,0.08333333333333333,2,283,8.323529411764707,11.791666666666666,115.2,3,0,10,1,0.029411764705882353,10
BradTo00,33,200310260nwe,20,60.60606060606061,0,0,0.0,0.0,0.0,0.0,0,45,-1,0.0,0.0,0,259,7.848484848484849,12.95,85.3,2,0,-2,1,0.030303030303030304,6
BradTo00,35,200311030den,20,57.14285714285714,0,0,0.0,0.0,0.02857142857142857,0.05,1,66,0,0.08571428571428572,0.15,3,350,10.0,17.5,108.0,2,0,-1,0,0.0,0
BradTo00,34,200311160nwe,15,44.11764705882353,0,0,0.0,0.0,0.0,0.0,0,57,3,0.0,0.0,0,212,6.235294117647059,14.133333333333333,64.8,1,0,3,2,0.058823529411764705,9
BradTo00,47,200311230htx,29,61.702127659574465,0,0,0.0,0.0,0.0425531914893617,0.06896551724137931,2,33,6,0.0425531914893617,0.06896551724137931,2,368,7.829787234042553,12.689655172413794,82.6,6,0,15,4,0.0851063829787234,24
BradTo00,35,200311300clt,26,74.28571428571429,0,0,0.0,0.0,0.05714285714285714,0.07692307692307693,2,31,0,0.05714285714285714,0.07692307692307693,2,236,6.742857142857143,9.076923076923077,87.3,2,0,-1,2,0.05714285714285714,10
BradTo00,31,200312070nwe,16,51.61290322580645,0,0,0.0,0.0,0.0,0.0,0,25,-1,0.0,0.0,0,163,5.258064516129032,10.1875,67.0,2,0,-2,3,0.0967741935483871,13
BradTo00,34,200312140nwe,22,64.70588235294117,0,0,0.0,0.0,0.0,0.0,0,32,7,0.058823529411764705,0.09090909090909091,2,228,6.705882352941177,10.363636363636363,103.6,1,0,7,2,0.058823529411764705,16
BradTo00,25,200312200nyj,15,60.0,0,0,0.0,0.0,0.0,0.0,0,35,2,0.08,0.13333333333333333,2,138,5.52,9.2,101.7,2,0,1,0,0.0,0
BradTo00,32,200312270nwe,21,65.625,0,0,0.0,0.0,0.0,0.0,0,30,11,0.125,0.19047619047619047,4,204,6.375,9.714285714285714,122.9,5,0,23,2,0.0625,14
BradTo00,41,200401100nwe,21,51.21951219512195,0,0,0.0,0.0,0.0,0.0,0,41,5,0.024390243902439025,0.047619047619047616,1,201,4.902439024390244,9.571428571428571,73.3,5,0,5,0,0.0,0
BradTo00,37,200401180nwe,22,59.45945945945946,0,0,0.0,0.0,0.02702702702702703,0.045454545454545456,1,28,2,0.02702702702702703,0.045454545454545456,1,237,6.405405405405405,10.772727272727273,76.1,5,0,1,0,0.0,0
BradTo00,48,200402010car,32,66.66666666666666,0,0,0.0,0.0,0.020833333333333332,0.03125,1,52,12,0.0625,0.09375,3,354,7.375,11.0625,100.5,2,0,12,0,0.0,0
BradTo00,38,200409090nwe,26,68.42105263157895,0,0,0.0,0.0,0.02631578947368421,0.038461538461538464,1,29,-1,0.07894736842105263,0.11538461538461539,3,335,8.81578947368421,12.884615384615385,111.2,1,0,-1,2,0.05263157894736842,15
BradTo00,26,200409190crd,15,57.692307692307686,0,0,0.0,0.0,0.07692307692307693,0.13333333333333333,2,27,3,0.07692307692307693,0.13333333333333333,2,219,8.423076923076923,14.6,78.8,5,0,3,2,0.07692307692307693,12
BradTo00,30,200410030buf,17,56.666666666666664,0,0,0.0,0.0,0.0,0.0,0,44,3,0.06666666666666667,0.11764705882352941,2,298,9.933333333333334,17.529411764705884,112.9,2,0,2,0,0.0,0
BradTo00,19,200410100nwe,7,36.84210526315789,0,0,0.0,0.0,0.05263157894736842,0.14285714285714285,1,28,2,0.10526315789473684,0.2857142857142857,2,76,4.0,10.857142857142858,62.6,4,0,-1,1,0.05263157894736842,7
BradTo00,30,200410170nwe,19,63.33333333333333,0,0,0.0,0.0,0.03333333333333333,0.05263157894736842,1,48,6,0.03333333333333333,0.05263157894736842,1,231,7.7,12.157894736842104,84.2,3,0,7,1,0.03333333333333333,7
BradTo00,29,200410240nwe,20,68.96551724137932,0,0,0.0,0.0,0.0,0.0,0,42,-1,0.034482758620689655,0.05,1,230,7.931034482758621,11.5,104.1,3,0,-3,3,0.10344827586206896,20
BradTo00,43,200410310pit,25,58.139534883720934,0,0,0.0,0.0,0.046511627906976744,0.08,2,23,0,0.046511627906976744,0.08,2,271,6.3023255813953485,10.84,72.9,0,0,0,4,0.09302325581395349,28
BradTo00,31,200411070ram,18,58.06451612903226,0,0,0.0,0.0,0.0,0.0,0,50,3,0.06451612903225806,0.1111111111111111,2,234,7.548387096774194,13.0,103.4,3,0,1,2,0.06451612903225806,9
BradTo00,35,200411140nwe,19,54.285714285714285,0,0,0.0,0.0,0.02857142857142857,0.05263157894736842,1,47,2,0.05714285714285714,0.10526315789473684,2,233,6.6571428571428575,12.263157894736842,82.2,1,0,2,2,0.05714285714285714,13
BradTo00,26,200411220kan,17,65.38461538461539,0,0,0.0,0.0,0.0,0.0,0,48,3,0.038461538461538464,0.058823529411764705,1,315,12.115384615384615,18.529411764705884,119.9,5,0,-1,1,0.038461538461538464,6
BradTo00,30,200411280nwe,15,50.0,0,0,0.0,0.0,0.0,0.0,0,37,4,0.0,0.0,0,172,5.733333333333333,11.466666666666667,67.6,3,0,3,1,0.03333333333333333,2
BradTo00,20,200412050cle,11,55.00000000000001,0,0,0.0,0.0,0.05,0.09090909090909091,1,44,10,0.05,0.09090909090909091,1,157,7.85,14.272727272727273,76.5,1,0,10,2,0.1,14
BradTo00,26,200412120nwe,18,69.23076923076923,0,0,0.0,0.0,0.0,0.0,0,48,3,0.07692307692307693,0.1111111111111111,2,260,10.0,14.444444444444445,127.1,5,0,2,1,0.038461538461538464,3
BradTo00,29,200412200mia,18,62.06896551724138,0,0,0.0,0.0,0.13793103448275862,0.2222222222222222,4,31,-1,0.10344827586206896,0.16666666666666666,3,171,5.896551724137931,9.5,73.3,2,0,-2,2,0.06896551724137931,15
BradTo00,32,200412260nyj,21,65.625,0,0,0.0,0.0,0.0,0.0,0,35,5,0.0625,0.09523809523809523,2,264,8.25,12.571428571428571,112.0,4,0,3,1,0.03125,6
BradTo00,30,200501020nwe,22,73.33333333333333,0,0,0.0,0.0,0.03333333333333333,0.045454545454545456,1,25,3,0.06666666666666667,0.09090909090909091,2,226,7.533333333333333,10.272727272727273,102.9,1,0,3,1,0.03333333333333333,5
BradTo00,27,200501160nwe,18,66.66666666666666,0,0,0.0,0.0,0.0,0.0,0,17,3,0.037037037037037035,0.05555555555555555,1,144,5.333333333333333,8.0,92.2,4,1,6,3,0.1111111111111111,29
BradTo00,21,200501230pit,14,66.66666666666666,0,0,0.0,0.0,0.0,0.0,0,60,-1,0.09523809523809523,0.14285714285714285,2,207,9.857142857142858,14.785714285714286,130.5,2,0,-2,2,0.09523809523809523,11
BradTo00,33,200502060nwe,23,69.6969696969697,1,1,0.030303030303030304,0.030303030303030304,0.0,0.0,0,27,-1,0.06060606060606061,0.08695652173913043,2,236,7.151515151515151,10.26086956521739,110.2,1,0,-1,2,0.06060606060606061,17
BradTo00,38,200509080nwe,24,63.1578947368421,0,0,0.0,0.0,0.0,0.0,0,35,0,0.05263157894736842,0.08333333333333333,2,306,8.052631578947368,12.75,105.8,3,0,-1,0,0.0,0
BradTo00,44,200509180car,23,52.27272727272727,0,0,0.0,0.0,0.022727272727272728,0.043478260869565216,1,71,0,0.022727272727272728,0.043478260869565216,1,270,6.136363636363637,11.73913043478261,69.3,0,0,0,2,0.045454545454545456,21
BradTo00,41,200509250pit,31,75.60975609756098,0,0,0.0,0.0,0.024390243902439025,0.03225806451612903,1,30,0,0.0,0.0,0,372,9.073170731707316,12.0,92.7,0,0,0,3,0.07317073170731707,26
BradTo00,32,200510020nwe,19,59.375,0,0,0.0,0.0,0.03125,0.05263157894736842,1,30,4,0.03125,0.05263157894736842,1,224,7.0,11.789473684210526,78.1,2,0,4,1,0.03125,8
BradTo00,27,200510090atl,22,81.48148148148148,0,0,0.0,0.0,0.037037037037037035,0.045454545454545456,1,55,1,0.1111111111111111,0.13636363636363635,3,350,12.962962962962964,15.909090909090908,140.4,1,0,1,1,0.037037037037037035,8
BradTo00,46,200510160den,24,52.17391304347826,0,0,0.0,0.0,0.0,0.0,0,49,12,0.021739130434782608,0.041666666666666664,1,299,6.5,12.458333333333334,79.9,1,0,12,0,0.0,0
BradTo00,21,200510300nwe,14,66.66666666666666,0,0,0.0,0.0,0.0,0.0,0,37,4,0.047619047619047616,0.07142857142857142,1,199,9.476190476190476,14.214285714285714,113.0,1,0,4,3,0.14285714285714285,19
BradTo00,33,200511070nwe,22,66.66666666666666,0,0,0.0,0.0,0.0,0.0,0,35,-1,0.09090909090909091,0.13636363636363635,3,265,8.030303030303031,12.045454545454545,121.4,1,0,-1,1,0.030303030303030304,18
BradTo00,36,200511130mia,21,58.333333333333336,0,0,0.0,0.0,0.05555555555555555,0.09523809523809523,2,59,-1,0.05555555555555555,0.09523809523809523,2,275,7.638888888888889,13.095238095238095,77.9,1,0,-1,2,0.05555555555555555,1
BradTo00,29,200511200nwe,15,51.724137931034484,0,0,0.0,0.0,0.0,0.0,0,60,5,0.10344827586206896,0.2,3,222,7.655172413793103,14.8,111.6,1,0,5,3,0.10344827586206896,28
BradTo00,40,200511270kan,22,55.00000000000001,0,0,0.0,0.0,0.1,0.18181818181818182,4,25,15,0.025,0.045454545454545456,1,248,6.2,11.272727272727273,42.5,1,0,15,3,0.075,16
BradTo00,37,200512040nwe,27,72.97297297297297,0,0,0.0,0.0,0.0,0.0,0,25,7,0.0,0.0,0,271,7.324324324324325,10.037037037037036,93.4,4,0,19,2,0.05405405405405406,20
BradTo00,38,200512110buf,29,76.31578947368422,0,0,0.0,0.0,0.05263157894736842,0.06896551724137931,2,40,9,0.05263157894736842,0.06896551724137931,2,329,8.657894736842104,11.344827586206897,97.4,4,1,17,1,0.02631578947368421,1
BradTo00,31,200512170nwe,20,64.51612903225806,0,0,0.0,0.0,0.0,0.0,0,37,3,0.0967741935483871,0.15,3,258,8.32258064516129,12.9,122.8,3,0,6,1,0.03225806451612903,5
BradTo00,29,200512260nyj,18,62.06896551724138,0,0,0.0,0.0,0.034482758620689655,0.05555555555555555,1,23,3,0.06896551724137931,0.1111111111111111,2,185,6.379310344827586,10.277777777777779,89.0,3,0,7,3,0.10344827586206896,17
BradTo00,27,200601070nwe,15,55.55555555555556,1,0,0.0,0.037037037037037035,0.0,0.0,0,63,7,0.1111111111111111,0.2,3,201,7.444444444444445,13.4,116.4,2,0,9,4,0.14814814814814814,12
BradTo00,36,200601140den,20,55.55555555555556,0,0,0.0,0.0,0.05555555555555555,0.1,2,73,-1,0.027777777777777776,0.05,1,341,9.472222222222221,17.05,74.0,1,0,-1,0,0.0,0
BradTo00,23,200609100nwe,11,47.82608695652174,0,0,0.0,0.0,0.043478260869565216,0.09090909090909091,1,34,3,0.08695652173913043,0.18181818181818182,2,163,7.086956521739131,14.818181818181818,82.3,5,0,3,3,0.13043478260869565,27
BradTo00,29,200609170nyj,15,51.724137931034484,0,0,0.0,0.0,0.034482758620689655,0.06666666666666667,1,29,-1,0.034482758620689655,0.06666666666666667,1,220,7.586206896551724,14.666666666666666,73.9,1,0,-1,1,0.034482758620689655,9
BradTo00,55,200609240nwe,31,56.36363636363636,0,0,0.0,0.0,0.0,0.0,0,31,5,0.01818181818181818,0.03225806451612903,1,320,5.818181818181818,10.32258064516129,79.4,2,0,7,0,0.0,0
BradTo00,26,200610010cin,15,57.692307692307686,0,0,0.0,0.0,0.038461538461538464,0.06666666666666667,1,35,22,0.07692307692307693,0.13333333333333333,2,188,7.230769230769231,12.533333333333333,89.9,2,0,21,0,0.0,0
BradTo00,29,200610080nwe,16,55.172413793103445,0,0,0.0,0.0,0.0,0.0,0,15,0,0.06896551724137931,0.125,2,140,4.827586206896552,8.75,91.2,4,0,-3,1,0.034482758620689655,6
BradTo00,27,200610220buf,18,66.66666666666666,0,0,0.0,0.0,0.0,0.0,0,35,3,0.07407407407407407,0.1111111111111111,2,195,7.222222222222222,10.833333333333334,112.4,2,0,2,4,0.14814814814814814,24
BradTo00,43,200610300min,29,67.44186046511628,0,0,0.0,0.0,0.023255813953488372,0.034482758620689655,1,45,1,0.09302325581395349,0.13793103448275862,4,372,8.651162790697674,12.827586206896552,115.6,1,0,1,3,0.06976744186046512,27
BradTo00,35,200611050nwe,20,57.14285714285714,0,0,0.0,0.0,0.11428571428571428,0.2,4,39,9,0.0,0.0,0,201,5.742857142857143,10.05,34.0,3,0,13,0,0.0,0
BradTo00,36,200611120nwe,24,66.66666666666666,0,0,0.0,0.0,0.027777777777777776,0.041666666666666664,1,33,0,0.027777777777777776,0.041666666666666664,1,253,7.027777777777778,10.541666666666666,84.6,0,0,0,4,0.1111111111111111,21
BradTo00,31,200611190gnb,20,64.51612903225806,0,0,0.0,0.0,0.0,0.0,0,54,8,0.12903225806451613,0.2,4,244,7.870967741935484,12.2,128.2,4,0,6,1,0.03225806451612903,4
BradTo00,33,200611260nwe,22,66.66666666666666,0,0,0.0,0.0,0.06060606060606061,0.09090909090909091,2,40,11,0.030303030303030304,0.045454545454545456,1,267,8.090909090909092,12.136363636363637,76.2,6,0,12,0,0.0,0
BradTo00,38,200612030nwe,27,71.05263157894737,0,0,0.0,0.0,0.02631578947368421,0.037037037037037035,1,28,5,0.0,0.0,0,305,8.026315789473685,11.296296296296296,83.8,6,0,9,2,0.05263157894736842,21
BradTo00,25,200612100mia,12,48.0,0,0,0.0,0.0,0.0,0.0,0,21,0,0.0,0.0,0,78,3.12,6.5,55.1,0,0,0,4,0.16,20
BradTo00,23,200612170nwe,16,69.56521739130434,0,0,0.0,0.0,0.0,0.0,0,43,3,0.08695652173913043,0.125,2,109,4.739130434782608,6.8125,108.8,2,0,2,1,0.043478260869565216,4
BradTo00,39,200612240jax,28,71.7948717948718,0,0,0.0,0.0,0.0,0.0,0,36,9,0.02564102564102564,0.03571428571428571,1,249,6.384615384615385,8.892857142857142,97.1,10,0,31,1,0.02564102564102564,7
BradTo00,24,200612310oti,15,62.5,0,0,0.0,0.0,0.0,0.0,0,62,-1,0.041666666666666664,0.06666666666666667,1,225,9.375,15.0,107.1,1,0,-1,1,0.041666666666666664,5
BradTo00,34,200701070nwe,22,64.70588235294117,0,0,0.0,0.0,0.0,0.0,0,31,12,0.058823529411764705,0.09090909090909091,2,212,6.235294117647059,9.636363636363637,101.6,2,0,14,1,0.029411764705882353,12
BradTo00,51,200701140sdg,27,52.94117647058824,1,0,0.0,0.0196078431372549,0.058823529411764705,0.1111111111111111,3,49,4,0.0392156862745098,0.07407407407407407,2,280,5.490196078431373,10.37037037037037,57.6,2,0,3,2,0.0392156862745098,4
BradTo00,34,200701210clt,21,61.76470588235294,1,0,0.0,0.029411764705882353,0.029411764705882353,0.047619047619047616,1,27,2,0.029411764705882353,0.047619047619047616,1,232,6.823529411764706,11.047619047619047,79.5,4,0,1,1,0.029411764705882353,6
BradTo00,28,200709090nyj,22,78.57142857142857,0,0,0.0,0.0,0.0,0.0,0,51,4,0.10714285714285714,0.13636363636363635,3,297,10.607142857142858,13.5,146.6,1,0,4,0,0.0,0
BradTo00,31,200709160nwe,25,80.64516129032258,0,0,0.0,0.0,0.03225806451612903,0.04,1,34,2,0.0967741935483871,0.12,3,279,9.0,11.16,123.0,1,0,2,2,0.06451612903225806,16
BradTo00,29,200709230nwe,23,79.3103448275862,0,0,0.0,0.0,0.0,0.0,0,45,2,0.13793103448275862,0.17391304347826086,4,311,10.724137931034482,13.521739130434783,150.9,1,0,2,1,0.034482758620689655,3
BradTo00,32,200710010cin,25,78.125,0,0,0.0,0.0,0.03125,0.04,1,23,-1,0.09375,0.12,3,231,7.21875,9.24,115.0,2,0,-2,0,0.0,0
BradTo00,38,200710070nwe,22,57.89473684210527,0,0,0.0,0.0,0.0,0.0,0,35,0,0.07894736842105263,0.13636363636363635,3,265,6.973684210526316,12.045454545454545,105.7,0,0,0,0,0.0,0
BradTo00,46,200710140dal,31,67.3913043478261,0,0,0.0,0.0,0.0,0.0,0,69,3,0.10869565217391304,0.16129032258064516,5,388,8.434782608695652,12.516129032258064,129.6,3,0,5,3,0.06521739130434782,15
BradTo00,25,200710210mia,21,84.0,0,0,0.0,0.0,0.0,0.0,0,50,0,0.24,0.2857142857142857,6,354,14.16,16.857142857142858,158.3,0,0,0,1,0.04,10
BradTo00,38,200710280nwe,29,76.31578947368422,0,0,0.0,0.0,0.0,0.0,0,35,7,0.07894736842105263,0.10344827586206896,3,306,8.052631578947368,10.551724137931034,125.5,4,2,14,1,0.02631578947368421,0
BradTo00,32,200711040clt,21,65.625,0,0,0.0,0.0,0.0625,0.09523809523809523,2,55,19,0.09375,0.14285714285714285,3,255,7.96875,12.142857142857142,95.2,5,0,14,2,0.0625,18
BradTo00,39,200711180buf,31,79.48717948717949,0,0,0.0,0.0,0.0,0.0,0,43,5,0.1282051282051282,0.16129032258064516,5,373,9.564102564102564,12.03225806451613,146.1,2,0,9,0,0.0,0
BradTo00,54,200711250nwe,34,62.96296296296296,0,0,0.0,0.0,0.0,0.0,0,42,12,0.018518518518518517,0.029411764705882353,1,380,7.037037037037037,11.176470588235293,90.0,3,0,16,3,0.05555555555555555,18
BradTo00,38,200712030rav,18,47.368421052631575,0,0,0.0,0.0,0.02631578947368421,0.05555555555555555,1,43,12,0.05263157894736842,0.1111111111111111,2,257,6.7631578947368425,14.277777777777779,76.3,2,0,14,3,0.07894736842105263,21
BradTo00,46,200712090nwe,32,69.56521739130434,0,0,0.0,0.0,0.0,0.0,0,63,4,0.08695652173913043,0.125,4,399,8.673913043478262,12.46875,125.2,1,0,4,0,0.0,0
BradTo00,27,200712160nwe,14,51.85185185185185,0,0,0.0,0.0,0.037037037037037035,0.07142857142857142,1,46,4,0.0,0.0,0,140,5.185185185185185,10.0,51.5,4,0,9,1,0.037037037037037035,6
BradTo00,33,200712230nwe,18,54.54545454545454,0,0,0.0,0.0,0.06060606060606061,0.1111111111111111,2,48,10,0.09090909090909091,0.16666666666666666,3,215,6.515151515151516,11.944444444444445,79.7,4,0,11,3,0.09090909090909091,11
BradTo00,42,200712290nyg,32,76.19047619047619,0,0,0.0,0.0,0.0,0.0,0,65,-1,0.047619047619047616,0.0625,2,356,8.476190476190476,11.125,116.8,4,0,-4,1,0.023809523809523808,10
BradTo00,28,200801120nwe,26,92.85714285714286,0,0,0.0,0.0,0.0,0.0,0,53,2,0.10714285714285714,0.11538461538461539,3,262,9.357142857142858,10.076923076923077,141.4,2,0,1,1,0.03571428571428571,4
BradTo00,33,200801200nwe,22,66.66666666666666,0,0,0.0,0.0,0.09090909090909091,0.13636363636363635,3,18,-1,0.06060606060606061,0.09090909090909091,2,209,6.333333333333333,9.5,66.4,2,0,-2,2,0.06060606060606061,11
BradTo00,48,200802030nwe,29,60.416666666666664,1,1,0.020833333333333332,0.020833333333333332,0.0,0.0,0,19,0,0.020833333333333332,0.034482758620689655,1,266,5.541666666666667,9.172413793103448,82.5,0,0,0,5,0.10416666666666667,37
BradTo00,53,200909140nwe,39,73.58490566037736,0,0,0.0,0.0,0.018867924528301886,0.02564102564102564,1,31,9,0.03773584905660377,0.05128205128205128,2,378,7.132075471698113,9.692307692307692,97.8,1,0,9,1,0.018867924528301886,10
BradTo00,47,200909200nyj,23,48.93617021276596,0,0,0.0,0.0,0.02127659574468085,0.043478260869565216,1,29,2,0.0,0.0,0,216,4.595744680851064,9.391304347826088,53.1,1,0,2,0,0.0,0
BradTo00,42,200909270nwe,25,59.523809523809526,0,0,0.0,0.0,0.0,0.0,0,36,2,0.023809523809523808,0.04,1,277,6.595238095238095,11.08,87.1,3,0,0,0,0.0,0
BradTo00,32,200910040nwe,21,65.625,1,1,0.03125,0.03125,0.0,0.0,0,34,7,0.03125,0.047619047619047616,1,258,8.0625,12.285714285714286,100.8,5,1,11,3,0.09375,24
BradTo00,33,200910110den,19,57.57575757575758,1,1,0.030303030303030304,0.030303030303030304,0.0,0.0,0,36,-1,0.06060606060606061,0.10526315789473684,2,215,6.515151515151516,11.31578947368421,97.4,1,0,-1,1,0.030303030303030304,6
BradTo00,34,200910180nwe,29,85.29411764705883,0,0,0.0,0.0,0.0,0.0,0,48,0,0.17647058823529413,0.20689655172413793,6,380,11.176470588235293,13.10344827586207,152.8,0,0,0,2,0.058823529411764705,6
BradTo00,32,200910250tam,23,71.875,0,0,0.0,0.0,0.0625,0.08695652173913043,2,54,5,0.09375,0.13043478260869565,3,308,9.625,13.391304347826088,107.3,1,0,5,1,0.03125,1
BradTo00,37,200911080nwe,25,67.56756756756756,0,0,0.0,0.0,0.02702702702702703,0.04,1,71,5,0.02702702702702703,0.04,1,332,8.972972972972974,13.28,93.5,1,0,5,2,0.05405405405405406,9
BradTo00,42,200911150clt,29,69.04761904761905,1,0,0.0,0.023809523809523808,0.023809523809523808,0.034482758620689655,1,63,3,0.07142857142857142,0.10344827586206896,3,375,8.928571428571429,12.931034482758621,110.7,3,0,3,2,0.047619047619047616,11
BradTo00,41,200911220nwe,28,68.29268292682927,1,0,0.0,0.024390243902439025,0.0,0.0,0,43,7,0.024390243902439025,0.03571428571428571,1,310,7.560975609756097,11.071428571428571,98.6,4,0,9,2,0.04878048780487805,11
BradTo00,36,200911300nor,21,58.333333333333336,0,0,0.0,0.0,0.05555555555555555,0.09523809523809523,2,47,2,0.0,0.0,0,237,6.583333333333333,11.285714285714286,55.0,1,0,2,1,0.027777777777777776,4
BradTo00,29,200912060mia,19,65.51724137931035,0,0,0.0,0.0,0.06896551724137931,0.10526315789473684,2,81,0,0.06896551724137931,0.10526315789473684,2,352,12.137931034482758,18.526315789473685,101.5,0,0,0,0,0.0,0
BradTo00,32,200912130nwe,19,59.375,0,0,0.0,0.0,0.03125,0.05263157894736842,1,23,-1,0.03125,0.05263157894736842,1,192,6.0,10.105263157894736,74.0,2,0,-2,0,0.0,0
BradTo00,23,200912200buf,11,47.82608695652174,0,0,0.0,0.0,0.043478260869565216,0.09090909090909091,1,16,0,0.043478260869565216,0.09090909090909091,1,115,5.0,10.454545454545455,59.1,4,0,-3,0,0.0,0
BradTo00,26,200912270nwe,23,88.46153846153845,0,0,0.0,0.0,0.0,0.0,0,29,2,0.15384615384615385,0.17391304347826086,4,267,10.26923076923077,11.608695652173912,149.0,2,0,4,0,0.0,0
BradTo00,26,201001030htx,17,65.38461538461539,0,0,0.0,0.0,0.038461538461538464,0.058823529411764705,1,41,0,0.0,0.0,0,186,7.153846153846154,10.941176470588236,70.4,0,0,0,1,0.038461538461538464,4
BradTo00,42,201001100nwe,23,54.761904761904766,1,1,0.023809523809523808,0.023809523809523808,0.07142857142857142,0.13043478260869565,3,24,0,0.047619047619047616,0.08695652173913043,2,154,3.6666666666666665,6.695652173913044,49.1,0,0,0,3,0.07142857142857142,22
BradTo00,35,201009120nwe,25,71.42857142857143,0,0,0.0,0.0,0.0,0.0,0,45,0,0.08571428571428572,0.12,3,258,7.371428571428571,10.32,120.9,0,0,0,0,0.0,0
BradTo00,36,201009190nyj,20,55.55555555555556,1,1,0.027777777777777776,0.027777777777777776,0.05555555555555555,0.1,2,46,0,0.05555555555555555,0.1,2,248,6.888888888888889,12.4,72.5,0,0,0,1,0.027777777777777776,9
BradTo00,27,201009260nwe,21,77.77777777777779,0,0,0.0,0.0,0.0,0.0,0,35,9,0.1111111111111111,0.14285714285714285,3,252,9.333333333333334,12.0,142.6,4,0,6,1,0.037037037037037035,7
BradTo00,24,201010040mia,19,79.16666666666666,0,0,0.0,0.0,0.0,0.0,0,17,5,0.041666666666666664,0.05263157894736842,1,153,6.375,8.052631578947368,107.1,5,0,6,3,0.125,7
BradTo00,44,201010170nwe,27,61.36363636363637,0,0,0.0,0.0,0.045454545454545456,0.07407407407407407,2,30,2,0.022727272727272728,0.037037037037037035,1,292,6.636363636363637,10.814814814814815,69.5,2,0,1,3,0.06818181818181818,25
BradTo00,32,201010240sdg,19,59.375,0,0,0.0,0.0,0.0,0.0,0,24,2,0.03125,0.05263157894736842,1,159,4.96875,8.368421052631579,82.7,2,0,1,4,0.125,31
BradTo00,27,201010310nwe,16,59.25925925925925,0,0,0.0,0.0,0.0,0.0,0,65,0,0.037037037037037035,0.0625,1,240,8.88888888888889,15.0,100.8,4,0,-3,0,0.0,0
BradTo00,36,201011070cle,19,52.77777777777778,0,0,0.0,0.0,0.0,0.0,0,26,1,0.05555555555555555,0.10526315789473684,2,224,6.222222222222222,11.789473684210526,90.5,1,1,1,1,0.027777777777777776,9
BradTo00,43,201011140pit,30,69.76744186046511,0,0,0.0,0.0,0.0,0.0,0,45,3,0.06976744186046512,0.1,3,350,8.13953488372093,11.666666666666666,117.4,1,0,3,0,0.0,0
BradTo00,25,201011210nwe,19,76.0,1,0,0.0,0.04,0.0,0.0,0,25,0,0.08,0.10526315789473684,2,186,7.44,9.789473684210526,123.1,4,0,-2,1,0.04,8
BradTo00,27,201011250det,21,77.77777777777779,0,0,0.0,0.0,0.0,0.0,0,79,3,0.14814814814814814,0.19047619047619047,4,341,12.62962962962963,16.238095238095237,158.3,4,0,1,1,0.037037037037037035,3
BradTo00,29,201012060nwe,21,72.41379310344827,0,0,0.0,0.0,0.0,0.0,0,50,3,0.13793103448275862,0.19047619047619047,4,326,11.241379310344827,15.523809523809524,148.9,1,0,3,3,0.10344827586206896,22
BradTo00,40,201012120chi,27,67.5,0,0,0.0,0.0,0.0,0.0,0,59,0,0.05,0.07407407407407407,2,369,9.225,13.666666666666666,113.4,0,0,0,3,0.075,18
BradTo00,24,201012190nwe,15,62.5,1,0,0.0,0.041666666666666664,0.0,0.0,0,35,0,0.08333333333333333,0.13333333333333333,2,163,6.791666666666667,10.866666666666667,110.2,0,0,0,3,0.125,27
BradTo00,27,201012260buf,15,55.55555555555556,0,0,0.0,0.0,0.0,0.0,0,23,7,0.1111111111111111,0.2,3,140,5.185185185185185,9.333333333333334,107.0,3,0,13,1,0.037037037037037035,9
BradTo00,16,201101020nwe,10,62.5,0,0,0.0,0.0,0.0,0.0,0,40,0,0.125,0.2,2,199,12.4375,19.9,145.6,0,0,0,0,0.0,0
BradTo00,45,201101160nwe,29,64.44444444444444,1,0,0.0,0.022222222222222223,0.022222222222222223,0.034482758620689655,1,37,3,0.044444444444444446,0.06896551724137931,2,299,6.644444444444445,10.310344827586206,89.0,2,0,2,5,0.1111111111111111,40
BradTo00,48,201109120mia,32,66.66666666666666,0,0,0.0,0.0,0.020833333333333332,0.03125,1,99,3,0.08333333333333333,0.125,4,517,10.770833333333334,16.15625,121.6,1,0,3,1,0.020833333333333332,1
BradTo00,40,201109180nwe,31,77.5,0,0,0.0,0.0,0.0,0.0,0,33,4,0.075,0.0967741935483871,3,423,10.575,13.64516129032258,135.7,2,0,3,2,0.05,13
BradTo00,45,201109250buf,30,66.66666666666666,0,0,0.0,0.0,0.08888888888888889,0.13333333333333333,4,33,5,0.08888888888888889,0.13333333333333333,4,387,8.6,12.9,86.1,1,0,5,0,0.0,0
BradTo00,30,201110020rai,16,53.333333333333336,0,0,0.0,0.0,0.0,0.0,0,32,-1,0.06666666666666667,0.125,2,226,7.533333333333333,14.125,100.1,1,0,-1,1,0.03333333333333333,0
BradTo00,33,201110090nwe,24,72.72727272727273,0,0,0.0,0.0,0.030303030303030304,0.041666666666666664,1,73,3,0.030303030303030304,0.041666666666666664,1,321,9.727272727272727,13.375,100.7,1,0,3,4,0.12121212121212122,27
BradTo00,41,201110160nwe,27,65.85365853658537,0,0,0.0,0.0,0.04878048780487805,0.07407407407407407,2,45,8,0.04878048780487805,0.07407407407407407,2,289,7.048780487804878,10.703703703703704,82.3,4,0,17,3,0.07317073170731707,19
BradTo00,35,201110300pit,24,68.57142857142857,1,0,0.0,0.02857142857142857,0.0,0.0,0,23,0,0.05714285714285714,0.08333333333333333,2,198,5.6571428571428575,8.25,101.8,0,0,0,3,0.08571428571428572,28
BradTo00,49,201111060nwe,28,57.14285714285714,1,1,0.02040816326530612,0.02040816326530612,0.04081632653061224,0.07142857142857142,2,28,5,0.04081632653061224,0.07142857142857142,2,342,6.979591836734694,12.214285714285714,75.4,1,0,5,2,0.04081632653061224,10
BradTo00,39,201111130nyj,26,66.66666666666666,1,0,0.0,0.02564102564102564,0.0,0.0,0,53,3,0.07692307692307693,0.11538461538461539,3,329,8.435897435897436,12.653846153846153,118.4,3,0,2,0,0.0,0
BradTo00,27,201111210nwe,15,55.55555555555556,1,1,0.037037037037037035,0.037037037037037035,0.0,0.0,0,52,8,0.07407407407407407,0.13333333333333333,2,234,8.666666666666666,15.6,109.2,2,0,10,3,0.1111111111111111,11
BradTo00,34,201111270phi,24,70.58823529411765,0,0,0.0,0.0,0.0,0.0,0,63,13,0.08823529411764706,0.125,3,361,10.617647058823529,15.041666666666666,134.6,5,0,28,1,0.029411764705882353,8
BradTo00,38,201112040nwe,29,76.31578947368422,0,0,0.0,0.0,0.0,0.0,0,23,6,0.05263157894736842,0.06896551724137931,2,289,7.605263157894737,9.96551724137931,114.9,3,0,7,1,0.02631578947368421,0
BradTo00,37,201112110was,22,59.45945945945946,0,0,0.0,0.0,0.02702702702702703,0.045454545454545456,1,50,5,0.08108108108108109,0.13636363636363635,3,357,9.64864864864865,16.227272727272727,107.6,4,0,8,1,0.02702702702702703,5
BradTo00,34,201112180den,23,67.64705882352942,1,0,0.0,0.029411764705882353,0.0,0.0,0,46,2,0.058823529411764705,0.08695652173913043,2,320,9.411764705882353,13.91304347826087,117.3,6,1,2,2,0.058823529411764705,10
BradTo00,46,201112240nwe,27,58.69565217391305,0,0,0.0,0.0,0.0,0.0,0,42,5,0.021739130434782608,0.037037037037037035,1,304,6.608695652173913,11.25925925925926,85.8,9,2,17,4,0.08695652173913043,23
BradTo00,35,201201010nwe,23,65.71428571428571,1,0,0.0,0.02857142857142857,0.02857142857142857,0.043478260869565216,1,53,0,0.08571428571428572,0.13043478260869565,3,338,9.657142857142857,14.695652173913043,113.7,0,0,0,4,0.11428571428571428,18
BradTo00,34,201201140nwe,26,76.47058823529412,0,0,0.0,0.0,0.029411764705882353,0.038461538461538464,1,61,4,0.17647058823529413,0.23076923076923078,6,363,10.676470588235293,13.961538461538462,137.6,3,0,8,0,0.0,0
BradTo00,36,201201220nwe,22,61.111111111111114,0,0,0.0,0.0,0.05555555555555555,0.09090909090909091,2,23,4,0.0,0.0,0,239,6.638888888888889,10.863636363636363,57.5,6,1,2,1,0.027777777777777776,5
BradTo00,41,201202050nwe,27,65.85365853658537,0,0,0.0,0.0,0.024390243902439025,0.037037037037037035,1,21,0,0.04878048780487805,0.07407407407407407,2,276,6.7317073170731705,10.222222222222221,91.1,0,0,0,2,0.04878048780487805,10
BradTo00,31,201209090oti,23,74.19354838709677,0,0,0.0,0.0,0.0,0.0,0,28,2,0.06451612903225806,0.08695652173913043,2,236,7.612903225806452,10.26086956521739,117.1,2,0,1,1,0.03225806451612903,8
BradTo00,46,201209160nwe,28,60.86956521739131,0,0,0.0,0.0,0.021739130434782608,0.03571428571428571,1,36,-1,0.021739130434782608,0.03571428571428571,1,316,6.869565217391305,11.285714285714286,79.6,1,0,-1,4,0.08695652173913043,19
BradTo00,41,201209230rav,28,68.29268292682927,1,0,0.0,0.024390243902439025,0.0,0.0,0,59,7,0.024390243902439025,0.03571428571428571,1,335,8.170731707317072,11.964285714285714,101.2,2,0,7,2,0.04878048780487805,16
BradTo00,36,201209300buf,22,61.111111111111114,0,0,0.0,0.0,0.0,0.0,0,41,4,0.08333333333333333,0.13636363636363635,3,340,9.444444444444445,15.454545454545455,120.1,1,1,4,1,0.027777777777777776,7
BradTo00,31,201210070nwe,23,74.19354838709677,1,0,0.0,0.03225806451612903,0.0,0.0,0,25,1,0.03225806451612903,0.043478260869565216,1,223,7.193548387096774,9.695652173913043,104.6,4,1,-2,4,0.12903225806451613,30
BradTo00,58,201210140sea,36,62.06896551724138,0,0,0.0,0.0,0.034482758620689655,0.05555555555555555,2,46,0,0.034482758620689655,0.05555555555555555,2,395,6.810344827586207,10.972222222222221,79.3,0,0,0,1,0.017241379310344827,7
BradTo00,42,201210210nwe,26,61.904761904761905,0,0,0.0,0.0,0.0,0.0,0,21,0,0.047619047619047616,0.07692307692307693,2,259,6.166666666666667,9.961538461538462,95.2,0,0,0,1,0.023809523809523808,9
BradTo00,35,201210280ram,23,65.71428571428571,0,0,0.0,0.0,0.0,0.0,0,32,3,0.11428571428571428,0.17391304347826086,4,304,8.685714285714285,13.217391304347826,131.1,1,0,3,0,0.0,0
BradTo00,38,201211110nwe,23,60.526315789473685,0,0,0.0,0.0,0.0,0.0,0,24,-1,0.05263157894736842,0.08695652173913043,2,237,6.2368421052631575,10.304347826086957,96.1,1,0,-1,1,0.02631578947368421,7
BradTo00,35,201211180nwe,24,68.57142857142857,0,0,0.0,0.0,0.0,0.0,0,36,0,0.08571428571428572,0.125,3,331,9.457142857142857,13.791666666666666,127.2,0,0,0,0,0.0,0
BradTo00,27,201211220nyj,18,66.66666666666666,0,0,0.0,0.0,0.0,0.0,0,83,2,0.1111111111111111,0.16666666666666666,3,323,11.962962962962964,17.944444444444443,144.5,3,1,5,0,0.0,0
BradTo00,40,201212020mia,24,60.0,0,0,0.0,0.0,0.025,0.041666666666666664,1,31,2,0.025,0.041666666666666664,1,238,5.95,9.916666666666666,74.8,4,0,-1,4,0.1,25
BradTo00,35,201212100nwe,21,60.0,0,0,0.0,0.0,0.0,0.0,0,63,6,0.11428571428571428,0.19047619047619047,4,296,8.457142857142857,14.095238095238095,125.4,1,0,6,1,0.02857142857142857,7
BradTo00,65,201212160nwe,36,55.38461538461539,0,0,0.0,0.0,0.03076923076923077,0.05555555555555555,2,53,5,0.015384615384615385,0.027777777777777776,1,443,6.815384615384615,12.305555555555555,68.9,3,1,11,3,0.046153846153846156,18
BradTo00,41,201212230jax,24,58.536585365853654,0,0,0.0,0.0,0.04878048780487805,0.08333333333333333,2,32,0,0.04878048780487805,0.08333333333333333,2,267,6.512195121951219,11.125,73.9,0,0,0,3,0.07317073170731707,21
BradTo00,36,201212300nwe,22,61.111111111111114,0,0,0.0,0.0,0.0,0.0,0,25,0,0.05555555555555555,0.09090909090909091,2,284,7.888888888888889,12.909090909090908,104.4,0,0,0,1,0.027777777777777776,8
BradTo00,40,201301130nwe,25,62.5,0,0,0.0,0.0,0.0,0.0,0,47,-1,0.075,0.12,3,344,8.6,13.76,115.0,1,0,-1,1,0.025,9
BradTo00,54,201301200nwe,29,53.70370370370371,0,0,0.0,0.0,0.037037037037037035,0.06896551724137931,2,36,3,0.018518518518518517,0.034482758620689655,1,320,5.925925925925926,11.03448275862069,62.3,2,0,5,0,0.0,0
BradTo00,52,201309080buf,29,55.769230769230774,1,1,0.019230769230769232,0.019230769230769232,0.019230769230769232,0.034482758620689655,1,35,0,0.038461538461538464,0.06896551724137931,2,288,5.538461538461538,9.931034482758621,76.4,4,0,-4,3,0.057692307692307696,15
BradTo00,39,201309120nwe,19,48.717948717948715,0,0,0.0,0.0,0.0,0.0,0,39,0,0.02564102564102564,0.05263157894736842,1,185,4.743589743589744,9.736842105263158,71.0,2,0,-2,1,0.02564102564102564,7
BradTo00,36,201309220nwe,25,69.44444444444444,0,0,0.0,0.0,0.027777777777777776,0.04,1,20,5,0.05555555555555555,0.08,2,225,6.25,9.0,92.9,5,0,5,3,0.08333333333333333,23
BradTo00,31,201309290atl,20,64.51612903225806,1,0,0.0,0.03225806451612903,0.0,0.0,0,49,1,0.06451612903225806,0.1,2,316,10.193548387096774,15.8,119.8,5,0,-2,0,0.0,0
BradTo00,38,201310060cin,18,47.368421052631575,1,0,0.0,0.02631578947368421,0.02631578947368421,0.05555555555555555,1,53,0,0.0,0.0,0,197,5.184210526315789,10.944444444444445,52.2,0,0,0,4,0.10526315789473684,31
BradTo00,43,201310130nwe,25,58.139534883720934,0,0,0.0,0.0,0.023255813953488372,0.04,1,23,11,0.023255813953488372,0.04,1,269,6.255813953488372,10.76,74.7,2,0,16,5,0.11627906976744186,34
BradTo00,46,201310200nyj,22,47.82608695652174,2,0,0.0,0.043478260869565216,0.021739130434782608,0.045454545454545456,1,30,0,0.0,0.0,0,228,4.956521739130435,10.363636363636363,53.5,0,0,0,4,0.08695652173913043,23
BradTo00,22,201310270nwe,13,59.09090909090909,0,0,0.0,0.0,0.045454545454545456,0.07692307692307693,1,26,8,0.045454545454545456,0.07692307692307693,1,116,5.2727272727272725,8.923076923076923,69.5,4,0,5,3,0.13636363636363635,16
BradTo00,33,201311030nwe,23,69.6969696969697,0,0,0.0,0.0,0.0,0.0,0,81,-1,0.12121212121212122,0.17391304347826086,4,432,13.090909090909092,18.782608695652176,151.8,1,0,-1,3,0.09090909090909091,19
BradTo00,40,201311180car,29,72.5,0,0,0.0,0.0,0.025,0.034482758620689655,1,37,3,0.025,0.034482758620689655,1,296,7.4,10.206896551724139,91.2,1,0,3,2,0.05,13
BradTo00,50,201311240nwe,34,68.0,2,1,0.02,0.04,0.0,0.0,0,43,1,0.06,0.08823529411764706,3,344,6.88,10.117647058823529,107.4,2,0,0,3,0.06,20
BradTo00,41,201312010htx,29,70.73170731707317,0,0,0.0,0.0,0.024390243902439025,0.034482758620689655,1,50,0,0.04878048780487805,0.06896551724137931,2,371,9.048780487804878,12.793103448275861,104.8,0,0,0,1,0.024390243902439025,6
BradTo00,52,201312080nwe,32,61.53846153846154,1,1,0.019230769230769232,0.019230769230769232,0.019230769230769232,0.03125,1,50,2,0.038461538461538464,0.0625,2,418,8.038461538461538,13.0625,91.7,2,0,1,4,0.07692307692307693,21
BradTo00,55,201312150mia,34,61.81818181818181,0,0,0.0,0.0,0.01818181818181818,0.029411764705882353,1,30,0,0.03636363636363636,0.058823529411764705,2,364,6.618181818181818,10.705882352941176,85.7,0,0,0,1,0.01818181818181818,7
BradTo00,26,201312220rav,14,53.84615384615385,0,0,0.0,0.0,0.0,0.0,0,34,0,0.038461538461538464,0.07142857142857142,1,172,6.615384615384615,12.285714285714286,87.3,0,0,0,2,0.07692307692307693,14
BradTo00,24,201312290nwe,14,58.333333333333336,0,0,0.0,0.0,0.041666666666666664,0.07142857142857142,1,22,0,0.041666666666666664,0.07142857142857142,1,122,5.083333333333333,8.714285714285714,68.4,4,0,-3,1,0.041666666666666664,7
BradTo00,25,201401110nwe,13,52.0,1,0,0.0,0.04,0.0,0.0,0,53,-1,0.0,0.0,0,198,7.92,15.23076923076923,78.4,1,0,-1,2,0.08,13
BradTo00,38,201401190den,24,63.1578947368421,0,0,0.0,0.0,0.0,0.0,0,27,8,0.02631578947368421,0.041666666666666664,1,277,7.2894736842105265,11.541666666666666,93.9,2,1,7,2,0.05263157894736842,21
BradTo00,56,201409070mia,29,51.78571428571429,2,2,0.03571428571428571,0.03571428571428571,0.0,0.0,0,44,3,0.017857142857142856,0.034482758620689655,1,249,4.446428571428571,8.586206896551724,69.7,1,0,3,4,0.07142857142857142,23
BradTo00,21,201409140min,14,66.66666666666666,0,0,0.0,0.0,0.0,0.0,0,44,0,0.047619047619047616,0.07142857142857142,1,149,7.095238095238095,10.642857142857142,103.1,1,0,0,1,0.047619047619047616,7
BradTo00,37,201409210nwe,24,64.86486486486487,1,0,0.0,0.02702702702702703,0.0,0.0,0,22,-2,0.02702702702702703,0.041666666666666664,1,234,6.324324324324325,9.75,91.5,3,0,-7,2,0.05405405405405406,13
BradTo00,23,201409290kan,14,60.86956521739131,2,1,0.043478260869565216,0.08695652173913043,0.08695652173913043,0.14285714285714285,2,44,0,0.043478260869565216,0.07142857142857142,1,159,6.913043478260869,11.357142857142858,59.9,0,0,0,2,0.08695652173913043,8
BradTo00,35,201410050nwe,23,65.71428571428571,0,0,0.0,0.0,0.0,0.0,0,30,6,0.05714285714285714,0.08695652173913043,2,292,8.342857142857143,12.695652173913043,110.7,4,0,13,1,0.02857142857142857,7
BradTo00,37,201410120buf,27,72.97297297297297,0,0,0.0,0.0,0.0,0.0,0,56,4,0.10810810810810811,0.14814814814814814,4,361,9.756756756756756,13.37037037037037,139.6,4,0,3,2,0.05405405405405406,15
BradTo00,37,201410160nwe,20,54.054054054054056,0,0,0.0,0.0,0.0,0.0,0,49,0,0.08108108108108109,0.15,3,261,7.054054054054054,13.05,103.5,0,0,0,1,0.02702702702702703,1
BradTo00,35,201410260nwe,30,85.71428571428571,1,0,0.0,0.02857142857142857,0.0,0.0,0,46,0,0.14285714285714285,0.16666666666666666,5,354,10.114285714285714,11.8,148.4,2,0,0,0,0.0,0
BradTo00,53,201411020nwe,33,62.264150943396224,0,0,0.0,0.0,0.018867924528301886,0.030303030303030304,1,26,4,0.07547169811320754,0.12121212121212122,4,333,6.283018867924528,10.090909090909092,97.4,2,0,4,1,0.018867924528301886,1
BradTo00,30,201411160clt,19,63.33333333333333,0,0,0.0,0.0,0.06666666666666667,0.10526315789473684,2,39,-1,0.06666666666666667,0.10526315789473684,2,257,8.566666666666666,13.526315789473685,85.0,2,0,-2,0,0.0,0
BradTo00,53,201411230nwe,38,71.69811320754717,0,0,0.0,0.0,0.018867924528301886,0.02631578947368421,1,24,0,0.03773584905660377,0.05263157894736842,2,349,6.584905660377358,9.18421052631579,94.0,0,0,0,0,0.0,0
BradTo00,35,201411300gnb,22,62.857142857142854,0,0,0.0,0.0,0.0,0.0,0,29,-1,0.05714285714285714,0.09090909090909091,2,245,7.0,11.136363636363637,102.7,1,0,-1,1,0.02857142857142857,9
BradTo00,44,201412070sdg,28,63.63636363636363,0,0,0.0,0.0,0.022727272727272728,0.03571428571428571,1,69,5,0.045454545454545456,0.07142857142857142,2,317,7.204545454545454,11.321428571428571,90.8,4,0,7,1,0.022727272727272728,7
BradTo00,35,201412140nwe,21,60.0,0,0,0.0,0.0,0.02857142857142857,0.047619047619047616,1,35,17,0.05714285714285714,0.09523809523809523,2,287,8.2,13.666666666666666,93.4,3,0,18,0,0.0,0
BradTo00,35,201412210nyj,23,65.71428571428571,0,0,0.0,0.0,0.02857142857142857,0.043478260869565216,1,14,11,0.02857142857142857,0.043478260869565216,1,182,5.2,7.913043478260869,76.1,7,0,10,4,0.11428571428571428,36
BradTo00,50,201501100nwe,33,66.0,0,0,0.0,0.0,0.02,0.030303030303030304,1,46,4,0.06,0.09090909090909091,3,367,7.34,11.121212121212121,99.3,6,1,0,2,0.04,10
BradTo00,35,201501180nwe,23,65.71428571428571,0,0,0.0,0.0,0.02857142857142857,0.043478260869565216,1,30,9,0.08571428571428572,0.13043478260869565,3,226,6.457142857142857,9.826086956521738,100.4,3,0,13,1,0.02857142857142857,6
BradTo00,35,201502010sea,23,65.71428571428571,0,0,0.0,0.0,0.02857142857142857,0.043478260869565216,1,30,9,0.08571428571428572,0.13043478260869565,3,226,6.457142857142857,9.826086956521738,100.4,3,0,13,1,0.02857142857142857,6
BradTo00,32,201509100nwe,25,78.125,0,0,0.0,0.0,0.0,0.0,0,52,2,0.125,0.16,4,288,9.0,11.52,143.7,3,0,1,2,0.0625,7
BradTo00,59,201509200buf,38,64.40677966101694,1,1,0.01694915254237288,0.01694915254237288,0.0,0.0,0,40,-1,0.05084745762711865,0.07894736842105263,3,466,7.898305084745763,12.263157894736842,105.6,3,0,-4,2,0.03389830508474576,15
BradTo00,42,201509270nwe,33,78.57142857142857,0,0,0.0,0.0,0.0,0.0,0,43,2,0.047619047619047616,0.06060606060606061,2,358,8.523809523809524,10.848484848484848,118.1,2,0,4,2,0.047619047619047616,12
BradTo00,27,201510110dal,20,74.07407407407408,1,0,0.0,0.037037037037037035,0.0,0.0,0,59,2,0.07407407407407407,0.1,2,275,10.185185185185185,13.75,130.9,2,1,3,5,0.18518518518518517,28
BradTo00,37,201510180clt,23,62.16216216216216,0,0,0.0,0.0,0.02702702702702703,0.043478260869565216,1,39,2,0.08108108108108109,0.13043478260869565,3,312,8.432432432432432,13.565217391304348,104.8,4,0,0,2,0.05405405405405406,11
BradTo00,54,201510250nwe,34,62.96296296296296,1,0,0.0,0.018518518518518517,0.0,0.0,0,27,11,0.037037037037037035,0.058823529411764705,2,355,6.574074074074074,10.441176470588236,94.3,4,1,15,3,0.05555555555555555,18
BradTo00,38,201510290nwe,26,68.42105263157895,0,0,0.0,0.0,0.0,0.0,0,47,1,0.10526315789473684,0.15384615384615385,4,356,9.368421052631579,13.692307692307692,133.2,1,0,1,2,0.05263157894736842,14
BradTo00,39,201511080nwe,26,66.66666666666666,0,0,0.0,0.0,0.02564102564102564,0.038461538461538464,1,48,-1,0.05128205128205128,0.07692307692307693,2,299,7.666666666666667,11.5,96.0,1,0,-1,0,0.0,0
BradTo00,42,201511150nyg,26,61.904761904761905,2,1,0.023809523809523808,0.047619047619047616,0.023809523809523808,0.038461538461538464,1,76,10,0.047619047619047616,0.07692307692307693,2,334,7.9523809523809526,12.846153846153847,92.8,2,0,9,3,0.07142857142857142,5
BradTo00,39,201511230nwe,20,51.28205128205128,0,0,0.0,0.0,0.02564102564102564,0.05,1,41,0,0.02564102564102564,0.05,1,277,7.102564102564102,13.85,72.3,0,0,0,1,0.02564102564102564,6
BradTo00,42,201511290den,23,54.761904761904766,0,0,0.0,0.0,0.0,0.0,0,63,0,0.07142857142857142,0.13043478260869565,3,280,6.666666666666667,12.173913043478262,99.3,0,0,0,3,0.07142857142857142,18
BradTo00,56,201512060nwe,29,51.78571428571429,0,0,0.0,0.0,0.03571428571428571,0.06896551724137931,2,30,12,0.05357142857142857,0.10344827586206896,3,312,5.571428571428571,10.758620689655173,71.4,6,1,17,4,0.07142857142857142,24
BradTo00,30,201512130htx,22,73.33333333333333,0,0,0.0,0.0,0.0,0.0,0,45,13,0.06666666666666667,0.09090909090909091,2,226,7.533333333333333,10.272727272727273,116.8,4,0,10,3,0.1,29
BradTo00,35,201512200nwe,23,65.71428571428571,0,0,0.0,0.0,0.0,0.0,0,31,0,0.05714285714285714,0.08695652173913043,2,267,7.628571428571429,11.608695652173912,107.7,0,0,0,2,0.05714285714285714,14
BradTo00,31,201512270nyj,22,70.96774193548387,0,0,0.0,0.0,0.03225806451612903,0.045454545454545456,1,30,-1,0.03225806451612903,0.045454545454545456,1,231,7.451612903225806,10.5,89.6,1,0,-1,2,0.06451612903225806,10
BradTo00,21,201601030mia,12,57.14285714285714,1,0,0.0,0.047619047619047616,0.0,0.0,0,68,-1,0.0,0.0,0,134,6.380952380952381,11.166666666666666,76.3,1,0,-1,2,0.09523809523809523,14
BradTo00,42,201601160nwe,28,66.66666666666666,0,0,0.0,0.0,0.0,0.0,0,42,10,0.047619047619047616,0.07142857142857142,2,302,7.190476190476191,10.785714285714286,103.5,6,1,6,0,0.0,0
BradTo00,56,201601240den,27,48.214285714285715,0,0,0.0,0.0,0.03571428571428571,0.07407407407407407,2,40,11,0.017857142857142856,0.037037037037037035,1,310,5.535714285714286,11.481481481481481,56.4,3,0,13,4,0.07142857142857142,18
BradTo00,40,201610090cle,28,70.0,0,0,0.0,0.0,0.0,0.0,0,63,10,0.075,0.10714285714285714,3,406,10.15,14.5,127.7,2,0,14,1,0.025,3
BradTo00,35,201610160nwe,29,82.85714285714286,0,0,0.0,0.0,0.0,0.0,0,39,2,0.08571428571428572,0.10344827586206896,3,376,10.742857142857142,12.96551724137931,140.0,2,0,2,3,0.08571428571428572,18
BradTo00,26,201610230pit,19,73.07692307692307,0,0,0.0,0.0,0.0,0.0,0,37,5,0.07692307692307693,0.10526315789473684,2,222,8.538461538461538,11.68421052631579,124.2,5,0,13,0,0.0,0
BradTo00,33,201610300buf,22,66.66666666666666,0,0,0.0,0.0,0.0,0.0,0,53,15,0.12121212121212122,0.18181818181818182,4,315,9.545454545454545,14.318181818181818,137.0,1,0,15,4,0.12121212121212122,22
BradTo00,32,201611130nwe,23,71.875,1,0,0.0,0.03125,0.03125,0.043478260869565216,1,36,3,0.0,0.0,0,316,9.875,13.73913043478261,90.1,5,0,7,2,0.0625,12
BradTo00,40,201611200sfo,24,60.0,0,0,0.0,0.0,0.0,0.0,0,56,7,0.1,0.16666666666666666,4,280,7.0,11.666666666666666,114.6,4,0,12,1,0.025,7
BradTo00,50,201611270nyj,30,60.0,1,0,0.0,0.02,0.0,0.0,0,0,-1,0.04,0.06666666666666667,2,286,5.72,9.533333333333333,89.2,3,0,-4,0,0.0,0
BradTo00,46,201612040nwe,33,71.73913043478261,0,0,0.0,0.0,0.0,0.0,0,32,3,0.021739130434782608,0.030303030303030304,1,269,5.8478260869565215,8.151515151515152,93.5,3,0,1,0,0.0,0
BradTo00,38,201612120nwe,25,65.78947368421053,0,0,0.0,0.0,0.02631578947368421,0.04,1,79,-1,0.07894736842105263,0.12,3,406,10.68421052631579,16.24,116.8,1,0,-1,1,0.02631578947368421,5
BradTo00,32,201612180den,16,50.0,2,0,0.0,0.0625,0.0,0.0,0,34,-1,0.0,0.0,0,188,5.875,11.75,68.2,1,0,-1,2,0.0625,11
BradTo00,27,201612240nwe,17,62.96296296296296,1,0,0.0,0.037037037037037035,0.0,0.0,0,35,0,0.1111111111111111,0.17647058823529413,3,214,7.925925925925926,12.588235294117647,124.6,0,0,0,1,0.037037037037037035,9
BradTo00,33,201701010mia,25,75.75757575757575,0,0,0.0,0.0,0.0,0.0,0,77,6,0.09090909090909091,0.12,3,276,8.363636363636363,11.04,130.4,1,0,6,0,0.0,0
BradTo00,38,201701140nwe,18,47.368421052631575,0,0,0.0,0.0,0.05263157894736842,0.1111111111111111,2,48,2,0.05263157894736842,0.1111111111111111,2,287,7.552631578947368,15.944444444444445,68.6,4,0,-1,2,0.05263157894736842,8
BradTo00,42,201701220nwe,32,76.19047619047619,0,0,0.0,0.0,0.0,0.0,0,41,2,0.07142857142857142,0.09375,3,384,9.142857142857142,12.0,127.5,4,0,-1,2,0.047619047619047616,10
BradTo00,62,201702050atl,43,69.35483870967742,0,0,0.0,0.0,0.016129032258064516,0.023255813953488372,1,28,15,0.03225806451612903,0.046511627906976744,2,466,7.516129032258065,10.837209302325581,95.2,1,0,15,5,0.08064516129032258,24
BradTo00,36,201709070nwe,16,44.44444444444444,0,0,0.0,0.0,0.0,0.0,0,54,1,0.0,0.0,0,267,7.416666666666667,16.6875,70.0,2,0,0,3,0.08333333333333333,20
BradTo00,39,201709170nor,30,76.92307692307693,0,0,0.0,0.0,0.0,0.0,0,53,7,0.07692307692307693,0.1,3,447,11.461538461538462,14.9,139.6,2,0,9,2,0.05128205128205128,11
BradTo00,35,201709240nwe,25,71.42857142857143,3,1,0.02857142857142857,0.08571428571428572,0.0,0.0,0,47,6,0.14285714285714285,0.2,5,378,10.8,15.12,146.2,1,0,6,5,0.14285714285714285,41
BradTo00,45,201710010nwe,32,71.11111111111111,0,0,0.0,0.0,0.0,0.0,0,43,2,0.044444444444444446,0.0625,2,307,6.822222222222222,9.59375,104.6,1,0,2,3,0.06666666666666667,14
BradTo00,40,201710050tam,30,75.0,1,1,0.025,0.025,0.025,0.03333333333333333,1,34,4,0.025,0.03333333333333333,1,303,7.575,10.1,94.1,2,0,5,3,0.075,14
BradTo00,38,201710150nyj,20,52.63157894736842,0,0,0.0,0.0,0.02631578947368421,0.05,1,42,-1,0.05263157894736842,0.1,2,257,6.7631578947368425,12.85,80.7,1,0,-1,0,0.0,0
BradTo00,29,201710220nwe,21,72.41379310344827,1,0,0.0,0.034482758620689655,0.0,0.0,0,30,6,0.06896551724137931,0.09523809523809523,2,249,8.586206896551724,11.857142857142858,121.2,5,0,5,2,0.06896551724137931,8
BradTo00,47,201710290nwe,32,68.08510638297872,0,0,0.0,0.0,0.0,0.0,0,27,2,0.02127659574468085,0.03125,1,333,7.085106382978723,10.40625,95.4,1,0,2,3,0.06382978723404255,16
BradTo00,34,201711120den,25,73.52941176470588,0,0,0.0,0.0,0.0,0.0,0,27,0,0.08823529411764706,0.12,3,266,7.823529411764706,10.64,125.4,1,0,0,1,0.029411764705882353,6
BradTo00,37,201711190rai,30,81.08108108108108,0,0,0.0,0.0,0.0,0.0,0,64,0,0.08108108108108109,0.1,3,340,9.18918918918919,11.333333333333334,132.0,0,0,0,1,0.02702702702702703,8
BradTo00,28,201711260nwe,18,64.28571428571429,2,1,0.03571428571428571,0.07142857142857142,0.03571428571428571,0.05555555555555555,1,39,0,0.14285714285714285,0.2222222222222222,4,227,8.107142857142858,12.61111111111111,114.1,5,0,-4,1,0.03571428571428571,6
BradTo00,30,201712030buf,21,70.0,0,0,0.0,0.0,0.03333333333333333,0.047619047619047616,1,30,0,0.0,0.0,0,258,8.6,12.285714285714286,82.4,0,0,0,3,0.1,14
BradTo00,43,201712110mia,24,55.81395348837209,0,0,0.0,0.0,0.046511627906976744,0.08333333333333333,2,38,0,0.023255813953488372,0.041666666666666664,1,233,5.4186046511627906,9.708333333333334,59.5,0,0,0,2,0.046511627906976744,10
BradTo00,35,201712170pit,22,62.857142857142854,0,0,0.0,0.0,0.02857142857142857,0.045454545454545456,1,43,-1,0.02857142857142857,0.045454545454545456,1,298,8.514285714285714,13.545454545454545,87.6,2,0,-2,2,0.05714285714285714,15
BradTo00,28,201712240nwe,21,75.0,0,0,0.0,0.0,0.03571428571428571,0.047619047619047616,1,24,4,0.07142857142857142,0.09523809523809523,2,224,8.0,10.666666666666666,106.8,2,0,6,2,0.07142857142857142,6
BradTo00,37,201712310nwe,18,48.64864864864865,0,0,0.0,0.0,0.0,0.0,0,37,0,0.05405405405405406,0.1111111111111111,2,190,5.135135135135135,10.555555555555555,82.0,0,0,0,2,0.05405405405405406,12
BradTo00,53,201801130nwe,35,66.0377358490566,0,0,0.0,0.0,0.0,0.0,0,31,2,0.05660377358490566,0.08571428571428572,3,337,6.3584905660377355,9.628571428571428,102.5,1,0,2,0,0.0,0
BradTo00,38,201801210nwe,26,68.42105263157895,0,0,0.0,0.0,0.0,0.0,0,31,2,0.05263157894736842,0.07692307692307693,2,290,7.631578947368421,11.153846153846153,108.4,5,0,0,3,0.07894736842105263,12
BradTo00,48,201802040nwe,28,58.333333333333336,1,1,0.020833333333333332,0.020833333333333332,0.0,0.0,0,50,6,0.0625,0.10714285714285714,3,505,10.520833333333334,18.035714285714285,115.4,1,0,6,1,0.020833333333333332,5
BradTo00,39,201809090nwe,26,66.66666666666666,0,0,0.0,0.0,0.02564102564102564,0.038461538461538464,1,30,2,0.07692307692307693,0.11538461538461539,3,277,7.102564102564102,10.653846153846153,102.2,1,0,2,2,0.05128205128205128,10
BradTo00,35,201809160jax,24,68.57142857142857,1,1,0.02857142857142857,0.02857142857142857,0.0,0.0,0,29,10,0.05714285714285714,0.08333333333333333,2,234,6.685714285714286,9.75,106.1,3,0,10,2,0.05714285714285714,14
BradTo00,26,201809230det,14,53.84615384615385,0,0,0.0,0.0,0.038461538461538464,0.07142857142857142,1,19,2,0.038461538461538464,0.07142857142857142,1,133,5.115384615384615,9.5,65.1,1,0,2,2,0.07692307692307693,13
BradTo00,35,201809300nwe,23,65.71428571428571,0,0,0.0,0.0,0.05714285714285714,0.08695652173913043,2,55,0,0.08571428571428572,0.13043478260869565,3,274,7.828571428571428,11.91304347826087,94.2,0,0,0,0,0.0,0
BradTo00,44,201810040nwe,34,77.27272727272727,0,0,0.0,0.0,0.045454545454545456,0.058823529411764705,2,34,1,0.06818181818181818,0.08823529411764706,3,341,7.75,10.029411764705882,102.6,3,1,-1,0,0.0,0
BradTo00,35,201810140nwe,24,68.57142857142857,2,1,0.02857142857142857,0.05714285714285714,0.0,0.0,0,42,4,0.02857142857142857,0.041666666666666664,1,340,9.714285714285714,14.166666666666666,109.2,3,1,2,2,0.05714285714285714,13
BradTo00,36,201810210chi,25,69.44444444444444,0,0,0.0,0.0,0.027777777777777776,0.04,1,55,6,0.08333333333333333,0.12,3,277,7.694444444444445,11.08,108.2,1,0,6,1,0.027777777777777776,4
BradTo00,45,201810290buf,29,64.44444444444444,1,0,0.0,0.022222222222222223,0.0,0.0,0,29,8,0.0,0.0,0,324,7.2,11.172413793103448,85.8,1,0,8,2,0.044444444444444446,13
BradTo00,35,201811040nwe,22,62.857142857142854,0,0,0.0,0.0,0.0,0.0,0,55,2,0.02857142857142857,0.045454545454545456,1,294,8.4,13.363636363636363,99.0,5,0,-1,2,0.05714285714285714,21
BradTo00,41,201811110oti,21,51.21951219512195,0,0,0.0,0.0,0.0,0.0,0,44,0,0.0,0.0,0,254,6.195121951219512,12.095238095238095,70.6,1,0,0,3,0.07317073170731707,23
BradTo00,31,201811250nyj,20,64.51612903225806,0,0,0.0,0.0,0.0,0.0,0,36,-1,0.06451612903225806,0.1,2,283,9.129032258064516,14.15,115.4,1,0,-1,0,0.0,0
BradTo00,32,201812020nwe,24,75.0,0,0,0.0,0.0,0.03125,0.041666666666666664,1,42,5,0.03125,0.041666666666666664,1,311,9.71875,12.958333333333334,102.5,2,0,5,0,0.0,0
BradTo00,43,201812090mia,27,62.7906976744186,0,0,0.0,0.0,0.0,0.0,0,37,3,0.06976744186046512,0.1111111111111111,3,358,8.325581395348838,13.25925925925926,112.4,1,0,3,2,0.046511627906976744,14
BradTo00,36,201812160pit,25,69.44444444444444,0,0,0.0,0.0,0.027777777777777776,0.04,1,63,0,0.027777777777777776,0.04,1,279,7.75,11.16,89.9,0,0,0,1,0.027777777777777776,7
BradTo00,24,201812230nwe,13,54.166666666666664,0,0,0.0,0.0,0.08333333333333333,0.15384615384615385,2,32,0,0.041666666666666664,0.07692307692307693,1,126,5.25,9.692307692307692,48.3,0,0,0,1,0.041666666666666664,9
BradTo00,33,201812300nwe,24,72.72727272727273,0,0,0.0,0.0,0.0,0.0,0,20,0,0.12121212121212122,0.16666666666666666,4,250,7.575757575757576,10.416666666666666,133.8,0,0,0,1,0.030303030303030304,6
BradTo00,44,201901130nwe,34,77.27272727272727,0,0,0.0,0.0,0.0,0.0,0,35,0,0.022727272727272728,0.029411764705882353,1,343,7.795454545454546,10.088235294117647,106.5,2,0,-1,0,0.0,0
BradTo00,46,201901200kan,30,65.21739130434783,0,0,0.0,0.0,0.043478260869565216,0.06666666666666667,2,30,-1,0.021739130434782608,0.03333333333333333,1,348,7.565217391304348,11.6,77.1,1,0,-1,0,0.0,0
BradTo00,46,201902030ram,30,65.21739130434783,0,0,0.0,0.0,0.043478260869565216,0.06666666666666667,2,30,-1,0.021739130434782608,0.03333333333333333,1,348,7.565217391304348,11.6,77.1,1,0,-1,0,0.0,0
BradTo00,36,201909080nwe,24,66.66666666666666,0,0,0.0,0.0,0.0,0.0,0,58,0,0.08333333333333333,0.125,3,341,9.472222222222221,14.208333333333334,124.9,0,0,0,1,0.027777777777777776,7
BradTo00,28,201909150mia,20,71.42857142857143,0,0,0.0,0.0,0.0,0.0,0,32,1,0.07142857142857142,0.1,2,264,9.428571428571429,13.2,124.7,2,1,1,2,0.07142857142857142,9
BradTo00,42,201909220nwe,28,66.66666666666666,0,0,0.0,0.0,0.0,0.0,0,41,0,0.047619047619047616,0.07142857142857142,2,306,7.285714285714286,10.928571428571429,103.9,2,0,-1,0,0.0,0
BradTo00,39,201909290buf,18,46.15384615384615,0,0,0.0,0.0,0.02564102564102564,0.05555555555555555,1,31,-1,0.0,0.0,0,150,3.8461538461538463,8.333333333333334,45.9,3,0,-3,0,0.0,0
BradTo00,42,201910060was,28,66.66666666666666,0,0,0.0,0.0,0.023809523809523808,0.03571428571428571,1,31,0,0.07142857142857142,0.10714285714285714,3,348,8.285714285714286,12.428571428571429,106.1,0,0,0,4,0.09523809523809523,36
BradTo00,41,201910100nwe,31,75.60975609756098,2,1,0.024390243902439025,0.04878048780487805,0.024390243902439025,0.03225806451612903,1,36,2,0.0,0.0,0,334,8.146341463414634,10.774193548387096,88.9,7,2,6,3,0.07317073170731707,21
BradTo00,45,201910210nyj,31,68.88888888888889,0,0,0.0,0.0,0.022222222222222223,0.03225806451612903,1,28,0,0.022222222222222223,0.03225806451612903,1,249,5.533333333333333,8.03225806451613,80.7,0,0,0,0,0.0,0
BradTo00,36,201910270nwe,20,55.55555555555556,0,0,0.0,0.0,0.0,0.0,0,59,0,0.05555555555555555,0.1,2,259,7.194444444444445,12.95,96.9,0,0,0,3,0.08333333333333333,20
BradTo00,46,201911030rav,30,65.21739130434783,1,0,0.0,0.021739130434782608,0.021739130434782608,0.03333333333333333,1,30,0,0.021739130434782608,0.03333333333333333,1,285,6.195652173913044,9.5,80.4,0,0,0,2,0.043478260869565216,17
BradTo00,47,201911170phi,26,55.319148936170215,0,0,0.0,0.0,0.0,0.0,0,30,-1,0.0,0.0,0,216,4.595744680851064,8.307692307692308,67.3,1,0,-1,1,0.02127659574468085,7
BradTo00,37,201911240nwe,17,45.94594594594595,1,0,0.0,0.02702702702702703,0.0,0.0,0,32,-1,0.02702702702702703,0.058823529411764705,1,190,5.135135135135135,11.176470588235293,70.8,2,0,-3,2,0.05405405405405406,9
BradTo00,47,201912010htx,24,51.06382978723404,0,0,0.0,0.0,0.02127659574468085,0.041666666666666664,1,44,13,0.06382978723404255,0.125,3,326,6.9361702127659575,13.583333333333334,85.9,1,0,13,3,0.06382978723404255,23
BradTo00,36,201912080nwe,19,52.77777777777778,0,0,0.0,0.0,0.027777777777777776,0.05263157894736842,1,37,17,0.027777777777777776,0.05263157894736842,1,169,4.694444444444445,8.894736842105264,63.3,2,0,20,3,0.08333333333333333,20
BradTo00,29,201912150cin,15,51.724137931034484,0,0,0.0,0.0,0.0,0.0,0,23,-1,0.06896551724137931,0.13333333333333333,2,128,4.413793103448276,8.533333333333333,86.6,2,0,-2,2,0.06896551724137931,12
BradTo00,33,201912210nwe,26,78.78787878787878,0,0,0.0,0.0,0.0,0.0,0,31,3,0.030303030303030304,0.038461538461538464,1,271,8.212121212121213,10.423076923076923,111.0,4,0,4,0,0.0,0
BradTo00,29,201912290nwe,16,55.172413793103445,0,0,0.0,0.0,0.034482758620689655,0.0625,1,50,0,0.06896551724137931,0.125,2,221,7.620689655172414,13.8125,88.4,0,0,0,1,0.034482758620689655,4
BradTo00,37,202001040nwe,20,54.054054054054056,0,0,0.0,0.0,0.02702702702702703,0.05,1,29,0,0.0,0.0,0,209,5.648648648648648,10.45,59.4,0,0,0,0,0.0,0
